"","X","GC_11M","match_metadata","country","gender","age","BMI","pheno","changed","comment1","comment2"
"BGI.06A","BGI.06A",274502,"CON-016","CH","M",28,"26.73","H","","",""
"BGI.15A","BGI.15A",713541,"CON-032","CH","F",26,"16.87","H","","",""
"BGI.17A","BGI.17A",732021,"CON-033","CH","F",27,"23.92","H","","",""
"BGI.27A","BGI.27A",607764,"CON-034","CH","F",27,"17.26","H","","",""
"BGI.28A","BGI.28A",571053,"CON-017","CH","M",27,"26.3","H","","",""
"BGI.33A","BGI.33A",476644,"CON-035","CH","F",27,"17.4","H","","",""
"BGI.34A","BGI.34A",654374,"CON-036","CH","F",29,"17.69","H","","",""
"BGI001A","BGI001A",479284,"CON-037","CH","F",28,"17.29","H","","",""
"BGI002A","BGI002A",748513,"CON-001","CH","F",21,"26.3","H","","",""
"BGI003A","BGI003A",504705,"CON-038","CH","F",27,"18.75","H","","",""
"BGI089A","BGI089A",434172,"CON-018","CH","M",28,"26.83","H","","",""
"MH0001","MH0001",674990,"MH0001","Da","F",49,"25.55","H","","",""
"MH0002","MH0002",843114,"MH0002","Da","F",59,"27.28","H","","",""
"MH0003","MH0003",731776,"MH0003","Da","M",69,"33.19","H","","",""
"MH0004","MH0004",879693,"MH0004","Da","M",59,"31.18","H","","",""
"MH0005","MH0005",753359,"MH0005","Da","M",64,"21.68","H","","",""
"MH0006","MH0006",889281,"MH0006","Da","F",59,"22.38","H","","",""
"MH0007","MH0007",1086041,"MH0007","Da","M",69,"33.60","H","","",""
"MH0008","MH0008",639683,"MH0008","Da","M",59,"24.35","H","","",""
"MH0009","MH0009",961569,"MH0009","Da","M",64,"29.04","H","","",""
"MH0010","MH0010",527005,"MH0010","Da","M",64,"33.27","H","","",""
"MH0011","MH0011",909173,"MH0011","Da","F",59,"22.31","H","","",""
"MH0012","MH0012",827944,"MH0012","Da","F",49,"32.10","H","","",""
"MH0013","MH0013",823234,"MH0013","Da","M",54,"20.46","H","","",""
"MH0014","MH0014",852517,"MH0014","Da","F",54,"38.49","H","","",""
"MH0015","MH0015",713667,"MH0015","Da","M",59,"25.47","H","","",""
"MH0016","MH0016",667784,"MH0016","Da","F",49,"30.50","H","","",""
"MH0017","MH0017",971521,"MH0017","Da","M",64,"21.81","H","","",""
"MH0018","MH0018",530995,"MH0018","Da","M",49,"31.37","H","","",""
"MH0019","MH0019",742399,"MH0019","Da","F",44,"20.01","H","","",""
"MH0020","MH0020",474793,"MH0020","Da","F",64,"33.23","H","","",""
"MH0021","MH0021",863774,"MH0021","Da","F",49,"25.42","H","","",""
"MH0022","MH0022",971894,"MH0022","Da","M",64,"24.42","H","","",""
"MH0023","MH0023",880890,"MH0023","Da","M",69,"31.74","H","","",""
"MH0024","MH0024",796867,"MH0024","Da","F",59,"22.72","H","","",""
"MH0025","MH0025",968399,"MH0025","Da","F",49,"34.20","H","","",""
"MH0026","MH0026",638414,"MH0026","Da","F",49,"37.32","H","","",""
"MH0027","MH0027",1039011,"MH0027","Da","F",59,"23.07","H","","",""
"MH0028","MH0028",763557,"MH0028","Da","F",44,"22.70","H","","",""
"MH0030","MH0030",895077,"MH0030","Da","M",59,"35.21","H","","",""
"MH0031","MH0031",1054052,"MH0031","Da","M",69,"22.34","H","","",""
"MH0032","MH0032",783964,"MH0032","Da","M",69,"35.28","H","","",""
"MH0033","MH0033",944867,"MH0033","Da","F",59,"31.95","H","","",""
"MH0034","MH0034",540122,"MH0034","Da","M",54,"39.97","H","","",""
"MH0035","MH0035",901219,"MH0035","Da","M",49,"22.66","H","","",""
"MH0036","MH0036",808082,"MH0036","Da","M",64,"30.74","H","","",""
"MH0037","MH0037",719780,"MH0037","Da","M",44,"24.02","H","","",""
"MH0038","MH0038",793676,"MH0038","Da","F",54,"21.97","H","","",""
"MH0039","MH0039",819173,"MH0039","Da","M",59,"23.07","H","","",""
"MH0040","MH0040",878094,"MH0040","Da","F",67,"20.87","H","","",""
"MH0041","MH0041",696202,"MH0041","Da","M",59,"23.17","H","","",""
"MH0042","MH0042",1040128,"MH0042","Da","M",49,"24.46","H","","",""
"MH0043","MH0043",845072,"MH0043","Da","M",69,"23.72","H","","",""
"MH0044","MH0044",762203,"MH0044","Da","M",64,"24.48","H","","",""
"MH0045","MH0045",656691,"MH0045","Da","M",59,"25.11","H","","",""
"MH0046","MH0046",856146,"MH0046","Da","M",54,"23.74","H","","",""
"MH0047","MH0047",596297,"MH0047","Da","F",69,"30.40","H","","",""
"MH0048","MH0048",869462,"MH0048","Da","F",54,"19.40","H","","",""
"MH0049","MH0049",491583,"MH0049","Da","F",44,"35.52","H","","",""
"MH0050","MH0050",918945,"MH0050","Da","M",49,"25.08","H","","",""
"MH0051","MH0051",788478,"MH0051","Da","F",69,"23.15","H","","",""
"MH0052","MH0052",921488,"MH0052","Da","F",49,"33.18","H","","",""
"MH0053","MH0053",974143,"MH0053","Da","F",49,"32.70","H","","",""
"MH0054","MH0054",780448,"MH0054","Da","M",49,"20.31","H","","",""
"MH0055","MH0055",852410,"MH0055","Da","M",59,"30.29","H","","",""
"MH0056","MH0056",1156115,"MH0056","Da","M",54,"25.35","H","","",""
"MH0057","MH0057",571865,"MH0057","Da","F",54,"32.98","H","","",""
"MH0058","MH0058",979984,"MH0058","Da","F",54,"22.04","H","","",""
"MH0059","MH0059",981423,"MH0059","Da","M",59,"33.27","H","","",""
"MH0060","MH0060",952523,"MH0060","Da","M",64,"23.52","H","","",""
"MH0061","MH0061",512187,"MH0061","Da","F",69,"30.04","H","","",""
"MH0062","MH0062",776892,"MH0062","Da","F",49,"37.54","H","","",""
"MH0063","MH0063",924369,"MH0063","Da","M",59,"30.23","H","","",""
"MH0064","MH0064",753720,"MH0064","Da","F",54,"23.18","H","","",""
"MH0065","MH0065",1041634,"MH0065","Da","M",59,"28.23","H","","",""
"MH0066","MH0066",835245,"MH0066","Da","F",44,"20.79","H","","",""
"MH0067","MH0067",567723,"MH0067","Da","M",54,"21.07","H","","",""
"MH0068","MH0068",572982,"MH0068","Da","F",54,"28.97","H","","",""
"MH0069","MH0069",882514,"MH0069","Da","F",59,"36.71","H","","",""
"MH0070","MH0070",978352,"MH0070","Da","M",49,"22.69","H","","",""
"MH0071","MH0071",860016,"MH0071","Da","F",45,"25.37","H","","",""
"MH0072","MH0072",616252,"MH0072","Da","F",64,"40.21","H","","",""
"MH0073","MH0073",678097,"MH0073","Da","M",54,"32.49","H","","",""
"MH0074","MH0074",509914,"MH0074","Da","F",49,"20.46","H","","",""
"MH0075","MH0075",931949,"MH0075","Da","M",64,"30.55","H","","",""
"MH0076","MH0076",893076,"MH0076","Da","F",69,"34.78","H","","",""
"MH0077","MH0077",1011300,"MH0077","Da","F",49,"24.92","H","","",""
"MH0078","MH0078",648200,"MH0078","Da","F",49,"36.90","H","","",""
"MH0079","MH0079",755076,"MH0079","Da","F",65,"19.97","H","","",""
"MH0080","MH0080",741922,"MH0080","Da","F",60,"18.59","H","","",""
"MH0081","MH0081",892930,"MH0081","Da","F",50,"37.95","H","","",""
"MH0082","MH0082",912176,"MH0082","Da","F",60,"22.56","H","","",""
"MH0083","MH0083",816584,"MH0083","Da","F",55,"30.59","H","","",""
"MH0084","MH0084",562298,"MH0084","Da","M",64,"31.67","H","","",""
"MH0085","MH0085",645136,"MH0085","Da","F",59,"36.46","H","","",""
"MH0086","MH0086",824018,"MH0086","Da","F",60,"21.59","H","","",""
"MH0087","MH0087",250002,"MH0087","Da","F",55,"23.03","H","","",""
"MH0088","MH0088",565705,"MH0088","Da","M",59,"31.64","H","","",""
"MH0089","MH0089",708547,"MH0089","Da","F",55,"22.49","H","","",""
"MH0090","MH0090",1016509,"MH0090","Da","F",64,"28.19","H","","",""
"MH0091","MH0091",837019,"MH0091","Da","F",50,"31.12","H","","",""
"MH0092","MH0092",732634,"MH0092","Da","M",50,"35.51","H","","",""
"MH0093","MH0093",488545,"MH0093","Da","F",49,"34.55","H","","",""
"MH0094","MH0094",757186,"MH0094","Da","F",49,"33.54","H","","",""
"MH0095","MH0095",748329,"MH0095","Da","M",64,"38.68","H","","",""
"MH0096","MH0096",866213,"MH0096","Da","F",64,"40.23","H","","",""
"MH0097","MH0097",742550,"MH0097","Da","F",53,"34.67","H","","",""
"MH0098","MH0098",868738,"MH0098","Da","M",55,"23.89","H","","",""
"MH0099","MH0099",785195,"MH0099","Da","M",59,"32.35","H","","",""
"MH0100","MH0100",931535,"MH0100","Da","F",64,"30.22","H","","",""
"MH0101","MH0101",674637,"MH0101","Da","M",69,"32.33","H","","",""
"MH0102","MH0102",884801,"MH0102","Da","M",49,"31.33","H","","",""
"MH0103","MH0103",846613,"MH0103","Da","F",59,"30.01","H","","",""
"MH0104","MH0104",807751,"MH0104","Da","F",53,"28.87","H","","",""
"MH0105","MH0105",650678,"MH0105","Da","M",54,"32.52","H","","",""
"MH0106","MH0106",622293,"MH0106","Da","F",44,"30.05","H","","",""
"MH0107","MH0107",767012,"MH0107","Da","F",60,"19.63","H","","",""
"MH0108","MH0108",440608,"MH0108","Da","F",54,"33.98","H","","",""
"MH0109","MH0109",409690,"MH0109","Da","M",49,"29.60","H","","",""
"MH0110","MH0110",438801,"MH0110","Da","M",54,"31.59","H","","",""
"MH0111","MH0111",766682,"MH0111","Da","F",44,"31.13","H","","",""
"MH0113","MH0113",929300,"MH0113","Da","M",55,"23.13","H","","",""
"MH0114","MH0114",418740,"MH0114","Da","M",45,"31.39","H","","",""
"MH0115","MH0115",942820,"MH0115","Da","F",59,"23.90","H","","",""
"MH0116","MH0116",900182,"MH0116","Da","M",59,"30.86","H","","",""
"MH0117","MH0117",1024930,"MH0117","Da","F",54,"34.00","H","","",""
"MH0118","MH0118",887892,"MH0118","Da","M",54,"31.48","H","","",""
"MH0119","MH0119",618790,"MH0119","Da","F",70,"42.92","H","","",""
"MH0120","MH0120",883250,"MH0120","Da","M",54,"30.69","H","","",""
"MH0121","MH0121",488334,"MH0121","Da","F",59,"35.13","H","","",""
"MH0122","MH0122",529782,"MH0122","Da","M",65,"30.47","H","","",""
"MH0123","MH0123",784248,"MH0123","Da","M",64,"31.49","H","","",""
"MH0124","MH0124",1008116,"MH0124","Da","M",49,"33.69","H","","",""
"MH0125","MH0125",876320,"MH0125","Da","F",65,"22.11","H","","",""
"MH0126","MH0126",1129898,"MH0126","Da","F",60,"21.24","H","","",""
"MH0127","MH0127",555165,"MH0127","Da","M",55,"32.32","H","","",""
"MH0128","MH0128",471618,"MH0128","Da","M",59,"36.48","H","","",""
"MH0129","MH0129",937739,"MH0129","Da","M",44,"28.89","H","","",""
"MH0130","MH0130",773482,"MH0130","Da","M",54,"33.25","H","","",""
"MH0131","MH0131",833037,"MH0131","Da","M",60,"31.25","H","","",""
"MH0132","MH0132",987726,"MH0132","Da","M",55,"24.05","H","","",""
"MH0133","MH0133",549989,"MH0133","Da","F",45,"22.70","H","","",""
"MH0134","MH0134",591093,"MH0134","Da","F",59,"32.15","H","","",""
"MH0135","MH0135",832356,"MH0135","Da","M",70,"22.64","H","","",""
"MH0136","MH0136",701942,"MH0136","Da","M",65,"30.94","H","","",""
"MH0137","MH0137",739103,"MH0137","Da","F",54,"30.19","H","","",""
"MH0138","MH0138",533788,"MH0138","Da","M",59,"31.06","H","","",""
"MH0139","MH0139",633160,"MH0139","Da","F",40,"27.61","H","","",""
"MH0140","MH0140",779962,"MH0140","Da","M",49,"31.26","H","","",""
"MH0141","MH0141",793276,"MH0141","Da","F",64,"30.47","H","","",""
"MH0142","MH0142",712340,"MH0142","Da","F",63,"29.40","H","","",""
"MH0143","MH0143",964712,"MH0143","Da","F",59,"28.66","H","","",""
"MH0144","MH0144",904333,"MH0144","Da","F",49,"30.95","H","","",""
"MH0145","MH0145",900112,"MH0145","Da","F",60,"25.68","H","","",""
"MH0146","MH0146",509226,"MH0146","Da","F",49,"25.74","H","","",""
"MH0147","MH0147",843814,"MH0147","Da","F",49,"35.90","H","","",""
"MH0148","MH0148",721084,"MH0148","Da","F",53,"42.05","H","","",""
"MH0149","MH0149",736873,"MH0149","Da","F",50,"22.41","H","","",""
"MH0150","MH0150",635573,"MH0150","Da","F",64,"36.63","H","","",""
"MH0151","MH0151",791202,"MH0151","Da","M",45,"23.02","H","","",""
"MH0152","MH0152",736681,"MH0152","Da","M",59,"34.59","H","","",""
"MH0153","MH0153",862202,"MH0153","Da","F",50,"32.34","H","","",""
"MH0154","MH0154",810404,"MH0154","Da","F",59,"36.14","H","","",""
"MH0155","MH0155",543416,"MH0155","Da","M",64,"31.81","H","","",""
"MH0156","MH0156",359024,"MH0156","Da","F",49,"36.11","H","","",""
"MH0157","MH0157",910372,"MH0157","Da","M",40,"38.61","H","","",""
"MH0158","MH0158",787785,"MH0158","Da","F",65,"30.42","H","","",""
"MH0159","MH0159",770575,"MH0159","Da","F",64,"34.00","H","","",""
"MH0160","MH0160",718668,"MH0160","Da","M",54,"31.80","H","","",""
"MH0161","MH0161",682345,"MH0161","Da","M",55,"22.03","H","","",""
"MH0162","MH0162",700678,"MH0162","Da","M",44,"33.46","H","","",""
"MH0163","MH0163",798484,"MH0163","Da","M",60,"32.72","H","","",""
"MH0164","MH0164",628554,"MH0164","Da","M",45,"25.16","H","","",""
"MH0165","MH0165",844707,"MH0165","Da","M",59,"37.22","H","","",""
"MH0166","MH0166",465156,"MH0166","Da","M",70,"32.01","H","","",""
"MH0167","MH0167",596774,"MH0167","Da","F",49,"41.91","H","","",""
"MH0168","MH0168",944025,"MH0168","Da","M",59,"41.20","H","","",""
"MH0169","MH0169",812171,"MH0169","Da","M",50,"25.83","H","","",""
"MH0170","MH0170",758175,"MH0170","Da","M",50,"32.61","H","","",""
"MH0172","MH0172",780278,"MH0172","Da","M",54,"31.33","H","","",""
"MH0173","MH0173",909476,"MH0173","Da","M",65,"29.23","H","","",""
"MH0174","MH0174",838623,"MH0174","Da","F",49,"36.21","H","","",""
"MH0175","MH0175",742528,"MH0175","Da","F",50,"24.49","H","","",""
"MH0176","MH0176",745637,"MH0176","Da","M",64,"31.42","H","","",""
"MH0177","MH0177",793957,"MH0177","Da","M",39,"33.89","H","","",""
"MH0178","MH0178",501323,"MH0178","Da","F",59,"21.94","H","","",""
"MH0179","MH0179",413277,"MH0179","Da","F",60,"24.42","H","","",""
"MH0180","MH0180",607648,"MH0180","Da","M",44,"30.11","H","","",""
"MH0181","MH0181",795431,"MH0181","Da","F",55,"22.68","H","","",""
"MH0182","MH0182",482154,"MH0182","Da","F",59,"37.72","H","","",""
"MH0183","MH0183",892123,"MH0183","Da","F",55,"23.29","H","","",""
"MH0184","MH0184",770722,"MH0184","Da","F",59,"41.28","H","","",""
"MH0185","MH0185",693096,"MH0185","Da","F",60,"31.28","H","","",""
"MH0186","MH0186",420874,"MH0186","Da","F",39,"34.79","H","","",""
"MH0187","MH0187",737570,"MH0187","Da","F",50,"36.73","H","","",""
"MH0188","MH0188",642319,"MH0188","Da","F",50,"32.06","H","","",""
"MH0189","MH0189",804029,"MH0189","Da","M",70,"43.54","H","","",""
"MH0191","MH0191",841882,"MH0191","Da","M",50,"31.15","H","","",""
"MH0193","MH0193",722271,"MH0193","Da","F",54,"24.46","H","","",""
"MH0195","MH0195",851406,"MH0195","Da","F",56,"30.87","H","","",""
"MH0196","MH0196",905809,"MH0196","Da","F",60,"46.60","H","","",""
"MH0197","MH0197",873184,"MH0197","Da","M",46,"23.94","H","","",""
"MH0198","MH0198",758379,"MH0198","Da","F",60,"35.39","H","","",""
"MH0199","MH0199",586123,"MH0199","Da","M",50,"45.74","H","","",""
"MH0200","MH0200",959332,"MH0200","Da","F",65,"24.77","H","","",""
"MH0203","MH0203",843966,"MH0203","Da","F",49,"22.76","H","","",""
"MH0204","MH0204",855355,"MH0204","Da","F",54,"37.23","H","","",""
"MH0205","MH0205",677687,"MH0205","Da","F",55,"41.22","H","","",""
"MH0206","MH0206",896954,"MH0206","Da","M",51,"24.99","H","","",""
"MH0211","MH0211",593940,"MH0211","Da","F",55,"32.69","H","","",""
"MH0212","MH0212",551997,"MH0212","Da","F",55,"23.52","H","","",""
"MH0217","MH0217",816516,"MH0217","Da","F",50,"33.43","H","","",""
"MH0220","MH0220",876091,"MH0220","Da","F",56,"37.16","H","","",""
"MH0224","MH0224",917452,"MH0224","Da","F",50,"22.30","H","","",""
"MH0227","MH0227",436870,"MH0227","Da","F",54,"32.03","H","","",""
"MH0229","MH0229",862481,"MH0229","Da","F",54,"30.25","H","","",""
"MH0230","MH0230",594523,"MH0230","Da","F",61,"32.42","H","","",""
"MH0233","MH0233",435944,"MH0233","Da","F",66,"31.60","H","","",""
"MH0236","MH0236",440751,"MH0236","Da","M",61,"37.52","H","","",""
"MH0239","MH0239",463945,"MH0239","Da","F",71,"34.26","H","","",""
"MH0243","MH0243",669498,"MH0243","Da","M",71,"34.44","H","","",""
"MH0244","MH0244",572040,"MH0244","Da","M",51,"32.69","H","","",""
"MH0247","MH0247",632795,"MH0247","Da","F",50,"22.50","H","","",""
"MH0250","MH0250",918056,"MH0250","Da","F",55,"23.31","H","","",""
"MH0251","MH0251",513594,"MH0251","Da","F",61,"24.73","H","","",""
"MH0253","MH0253",919707,"MH0253","Da","F",56,"33.81","H","","",""
"MH0257","MH0257",822032,"MH0257","Da","F",70,"30.71","H","","",""
"MH0267","MH0267",811702,"MH0267","Da","M",60,"30.23","H","","",""
"MH0272","MH0272",833195,"MH0272","Da","M",60,"21.22","H","","",""
"MH0274","MH0274",659560,"MH0274","Da","M",56,"24.40","H","","",""
"MH0275","MH0275",650615,"MH0275","Da","M",45,"24.08","H","","",""
"MH0276","MH0276",950198,"MH0276","Da","M",61,"30.25","H","","",""
"MH0277","MH0277",118354,"MH0277","Da","F",71,"20.26","H","","",""
"MH0286","MH0286",821432,"MH0286","Da","M",56,"24.46","H","","",""
"MH0287","MH0287",636399,"MH0287","Da","F",56,"35.07","H","","",""
"MH0288","MH0288",876535,"MH0288","Da","M",55,"21.08","H","","",""
"MH0289","MH0289",579681,"MH0289","Da","F",50,"30.64","H","","",""
"MH0292","MH0292",462258,"MH0292","Da","F",50,"22.06","H","","",""
"MH0302","MH0302",512171,"MH0302","Da","F",71,"23.62","H","","",""
"MH0305","MH0305",547614,"MH0305","Da","F",60,"33.01","H","","",""
"MH0307","MH0307",820518,"MH0307","Da","F",45,"19.52","H","","",""
"MH0313","MH0313",737484,"MH0313","Da","F",61,"33.46","H","","",""
"MH0316","MH0316",807605,"MH0316","Da","F",65,"36.98","H","","",""
"MH0318","MH0318",988486,"MH0318","Da","M",55,"18.13","H","","",""
"MH0321","MH0321",755397,"MH0321","Da","M",55,"34.89","H","","",""
"MH0322","MH0322",732135,"MH0322","Da","F",71,"21.93","H","","",""
"MH0333","MH0333",385088,"MH0333","Da","F",56,"32.44","H","","",""
"MH0403","MH0403",724658,"MH0403","Da","M",61,"35.38","H","","",""
"MH0404","MH0404",709254,"MH0404","Da","M",62,"23.50","H","","",""
"MH0405","MH0405",751924,"MH0405","Da","M",57,"23.38","H","","",""
"MH0406","MH0406",767460,"MH0406","Da","F",45,"33.67","H","","",""
"MH0407","MH0407",969232,"MH0407","Da","M",61,"30.65","H","","",""
"MH0408","MH0408",942215,"MH0408","Da","M",67,"20.10","H","","",""
"MH0409","MH0409",843393,"MH0409","Da","M",72,"23.42","H","","",""
"MH0410","MH0410",576091,"MH0410","Da","F",46,"31.18","H","","",""
"MH0411","MH0411",761188,"MH0411","Da","M",56,"31.62","H","","",""
"MH0412","MH0412",910376,"MH0412","Da","F",62,"36.74","H","","",""
"MH0413","MH0413",951602,"MH0413","Da","M",51,"31.33","H","","",""
"MH0414","MH0414",657370,"MH0414","Da","M",66,"36.86","H","","",""
"MH0415","MH0415",1072001,"MH0415","Da","M",62,"23.32","H","","",""
"MH0416","MH0416",832731,"MH0416","Da","M",51,"28.99","H","","",""
"MH0417","MH0417",970041,"MH0417","Da","M",67,"32.04","H","","",""
"MH0418","MH0418",805081,"MH0418","Da","M",56,"34.48","H","","",""
"MH0419","MH0419",761428,"MH0419","Da","F",57,"23.52","H","","",""
"MH0420","MH0420",405206,"MH0420","Da","F",62,"19.01","H","","",""
"MH0421","MH0421",963220,"MH0421","Da","M",51,"30.38","H","","",""
"MH0422","MH0422",836974,"MH0422","Da","F",66,"31.07","H","","",""
"MH0423","MH0423",744730,"MH0423","Da","M",56,"30.67","H","","",""
"MH0424","MH0424",620241,"MH0424","Da","F",62,"21.79","H","","",""
"MH0425","MH0425",648661,"MH0425","Da","F",62,"20.82","H","","",""
"MH0426","MH0426",759743,"MH0426","Da","F",47,"40.20","H","","",""
"MH0427","MH0427",521051,"MH0427","Da","M",51,"34.37","H","","",""
"MH0428","MH0428",952670,"MH0428","Da","M",57,"25.18","H","","",""
"MH0429","MH0429",857262,"MH0429","Da","F",61,"31.88","H","","",""
"MH0430","MH0430",989736,"MH0430","Da","F",61,"30.26","H","","",""
"MH0431","MH0431",799520,"MH0431","Da","F",50,"34.89","H","","",""
"MH0432","MH0432",514662,"MH0432","Da","M",57,"19.90","H","","",""
"MH0433","MH0433",819586,"MH0433","Da","M",71,"34.02","H","","",""
"MH0434","MH0434",953379,"MH0434","Da","F",72,"23.56","H","","",""
"MH0435","MH0435",698197,"MH0435","Da","M",46,"29.55","H","","",""
"MH0436","MH0436",843552,"MH0436","Da","M",56,"38.25","H","","",""
"MH0437","MH0437",918071,"MH0437","Da","F",57,"20.17","H","","",""
"MH0438","MH0438",931931,"MH0438","Da","F",52,"22.66","H","","",""
"MH0439","MH0439",862470,"MH0439","Da","M",52,"23.28","H","","",""
"MH0440","MH0440",813903,"MH0440","Da","F",60,"32.14","H","","",""
"MH0441","MH0441",797949,"MH0441","Da","M",61,"34.94","H","","",""
"MH0442","MH0442",1003222,"MH0442","Da","M",66,"36.37","H","","",""
"MH0443","MH0443",703415,"MH0443","Da","M",51,"39.08","H","","",""
"MH0444","MH0444",299525,"MH0444","Da","M",51,"31.88","H","","",""
"MH0445","MH0445",890117,"MH0445","Da","F",62,"20.85","H","","",""
"MH0446","MH0446",761944,"MH0446","Da","M",62,"31.41","H","","",""
"MH0447","MH0447",1067998,"MH0447","Da","M",46,"23.98","H","","",""
"MH0448","MH0448",1052872,"MH0448","Da","F",61,"24.05","H","","",""
"MH0450","MH0450",886369,"MH0450","Da","F",40,"40.71","H","","",""
"MH0451","MH0451",923114,"MH0451","Da","F",60,"33.33","H","","",""
"MH0452","MH0452",775798,"MH0452","Da","F",50,"35.43","H","","",""
"MH0453","MH0453",728201,"MH0453","Da","M",70,"32.89","H","","",""
"MH0454","MH0454",996106,"MH0454","Da","M",61,"22.91","H","","",""
"MH0455","MH0455",565542,"MH0455","Da","F",61,"31.27","H","","",""
"MH0456","MH0456",647840,"MH0456","Da","F",56,"25.16","H","","",""
"MH0457","MH0457",1024021,"MH0457","Da","M",61,"23.67","H","","",""
"MH0458","MH0458",589056,"MH0458","Da","M",50,"33.38","H","","",""
"MH0462","MH0462",501679,"MH0462","Da","F",67,"36.18","H","","",""
"N001A","N001A",571147,"CON-081","CH","M",52,"23.88","H","","",""
"N002A","N002A",577128,"CON-082","CH","M",53,"24.61","H","","",""
"N003A","N003A",351268,"CON-019","CH","M",48,"25.4","H","","",""
"N005A","N005A",422820,"CON-039","CH","F",53,"23.03","H","","",""
"N006A","N006A",599245,"CON-002","CH","F",53,"26.67","H","","",""
"N009A","N009A",684513,"CON-083","CH","M",60,"22.34","H","","",""
"N011A","N011A",596285,"CON-084","CH","M",69,"20.76","H","","",""
"N013A","N013A",650051,"CON-003","CH","F",61,"25.07","H","","",""
"N017A","N017A",565051,"CON-040","CH","F",44,"24.97","H","","",""
"N020A","N020A",741440,"CON-041","CH","F",56,"19.23","H","","",""
"N021A","N021A",471299,"CON-042","CH","F",54,"19.48","H","","",""
"N022A","N022A",847489,"CON-043","CH","F",41,"17.4","H","","",""
"N024A","N024A",396078,"CON-004","CH","F",55,"25.39","H","","",""
"N025A","N025A",586489,"CON-044","CH","F",50,"21.08","H","","",""
"N026A","N026A",665582,"CON-085","CH","M",39,"15.57","H","","",""
"N027A","N027A",614436,"CON-020","CH","M",40,"31.4","H","","",""
"N029A","N029A",327168,"CON-045","CH","F",54,"22.22","H","","",""
"N031A","N031A",227704,"CON-046","CH","F",67,"24.34","H","","",""
"N032A","N032A",382766,"CON-086","CH","M",67,"24.02","H","","",""
"N033A","N033A",228841,"CON-087","CH","M",38,"22.68","H","","",""
"N034A","N034A",494998,"CON-047","CH","F",45,"21.08","H","","",""
"N035A","N035A",411020,"CON-088","CH","M",56,"23.88","H","","",""
"N037A","N037A",913355,"CON-005","CH","F",53,"26.67","H","","",""
"N038A","N038A",496827,"CON-006","CH","F",52,"26","H","","",""
"N039A","N039A",580569,"CON-089","CH","M",55,"21.55","H","","",""
"N040A","N040A",366721,"CON-048","CH","F",52,"23.81","H","","",""
"N042A","N042A",383718,"CON-090","CH","M",47,"24.68","H","","",""
"N043A","N043A",388739,"CON-007","CH","F",55,"25.64","H","","",""
"N044A","N044A",377085,"CON-091","CH","M",50,"24.22","H","","",""
"N046A","N046A",228264,"CON-008","CH","F",56,"26.99","H","","",""
"N047A","N047A",442066,"CON-049","CH","F",58,"22.06","H","","",""
"N049A","N049A",422152,"CON-092","CH","M",70,"24.46","H","","",""
"N051A","N051A",230221,"CON-050","CH","F",60,"20.2","H","","",""
"N052A","N052A",318174,"CON-009","CH","F",46,"29.64","H","","",""
"N056A","N056A",389191,"CON-051","CH","F",61,"23.73","H","","",""
"N062A","N062A",493848,"CON-093","CH","M",40,"20.02","H","","",""
"N064A","N064A",871466,"CON-052","CH","F",43,"16.65","H","","",""
"N066A","N066A",687996,"CON-053","CH","F",60,"21.33","H","","",""
"N074A","N074A",641410,"CON-054","CH","F",52,"24.84","H","","",""
"N075A","N075A",573109,"N075A","CH","M",74,"24.02","H","","",""
"N079A","N079A",502896,"CON-095","CH","M",54,"23.36","H","","",""
"N082A","N082A",581475,"CON-021","CH","M",57,"29.38","H","","",""
"N083A","N083A",409511,"CON-055","CH","F",56,"20.81","H","","",""
"N084A","N084A",509407,"CON-022","CH","M",53,"26.77","H","","",""
"N085A","N085A",362566,"CON-096","CH","M",59,"20.45","H","","",""
"N086A","N086A",513457,"CON-097","CH","M",57,"24.62","H","","",""
"N087A","N087A",447039,"CON-023","CH","M",50,"25.6","H","","",""
"N088A","N088A",749193,"CON-098","CH","M",62,"23.43","H","","",""
"N089A","N089A",690668,"CON-056","CH","F",50,"18.31","H","","",""
"N103A","N103A",621341,"CON-099","CH","M",55,"23.36","H","","",""
"N104A","N104A",567618,"N104A","CH","M",63,"20.32","H","","",""
"NLF001","NLF001",520496,"NLF001","CH","F",31,"17.94","H","","",""
"NLF002","NLF002",397139,"NLF002","CH","F",34,"17.97","H","","",""
"NLF005","NLF005",733456,"NLF005","CH","F",44,"19.33","H","","",""
"NLF006","NLF006",667734,"NLF006","CH","F",27,"17.8","H","","",""
"NLF007","NLF007",752904,"NLF007","CH","F",39,"20.57","H","","",""
"NLF008","NLF008",340675,"NLF008","CH","F",26,"18.03","H","","",""
"NLF009","NLF009",668991,"NLF009","CH","F",27,"18.99","H","","",""
"NLF010","NLF010",366397,"NLF010","CH","F",35,"20.17","H","","",""
"NLF011","NLF011",548372,"NLF011","CH","F",25,"18.52","H","","",""
"NLF012","NLF012",526641,"NLF012","CH","F",27,"19.53","H","","",""
"NLF013","NLF013",670560,"NLF013","CH","F",32,"18.2","H","","",""
"NLF014","NLF014",323072,"NLF014","CH","F",37,"18.67","H","","",""
"NLF015","NLF015",378602,"NLF015","CH","F",59,"19.15","H","","",""
"NLM001","NLM001",691204,"NLM001","CH","M",32,"19.14","H","","",""
"NLM002","NLM002",245495,"NLM002","CH","M",23,"18.72","H","","",""
"NLM003","NLM003",364432,"NLM003","CH","M",23,"19.49","H","","",""
"NLM004","NLM004",740955,"NLM004","CH","M",24,"19.35","H","","",""
"NLM005","NLM005",475398,"NLM005","CH","M",42,"19.13","H","","",""
"NLM006","NLM006",600753,"NLM006","CH","M",24,"19.03","H","","",""
"NLM007","NLM007",275344,"NLM007","CH","M",22,"19.92","H","","",""
"NLM008","NLM008",498633,"NLM008","CH","M",22,"19.57","H","","",""
"NLM009","NLM009",367276,"NLM009","CH","M",24,"18.37","H","","",""
"NLM010","NLM010",520240,"NLM010","CH","M",23,"19.96","H","","",""
"NLM015","NLM015",682807,"NLM015","CH","M",23,"18.07","H","","",""
"NLM016","NLM016",369562,"NLM016","CH","M",23,"19.47","H","","",""
"NLM017","NLM017",327339,"NLM017","CH","M",23,"19.16","H","","",""
"NLM021","NLM021",690214,"NLM021","CH","M",25,"18.59","H","","",""
"NLM022","NLM022",614721,"NLM022","CH","M",29,"19.84","H","","",""
"NLM023","NLM023",501858,"NLM023","CH","M",38,"19.38","H","","",""
"NLM024","NLM024",302972,"NLM024","CH","M",23,"19.38","H","","",""
"NLM025","NLM025",670454,"NLM025","CH","M",19,"17.29","H","","",""
"NLM026","NLM026",763468,"NLM026","CH","M",24,"20.66","H","","",""
"NLM027","NLM027",368303,"NLM027","CH","M",22,"19.36","H","","",""
"NLM028","NLM028",422214,"NLM028","CH","M",21,"19.05","H","","",""
"NLM029","NLM029",643488,"NLM029","CH","M",25,"19.44","H","","",""
"NLM031","NLM031",601160,"NLM031","CH","M",33,"20.31","H","","",""
"NLM032","NLM032",609102,"NLM032","CH","M",39,"19.49","H","","",""
"NOF001","NOF001",818777,"NOF001","CH","F",45,"25.51","H","","",""
"NOF002","NOF002",361812,"NOF002","CH","F",51,"26.56","H","","",""
"NOF004","NOF004",657343,"NOF004","CH","F",33,"25.07","H","","",""
"NOF005","NOF005",554239,"NOF005","CH","F",32,"25.39","H","","",""
"NOF006","NOF006",394310,"NOF006","CH","F",35,"26.13","H","","",""
"NOF007","NOF007",362521,"NOF007","CH","F",32,"24.89","H","","",""
"NOF008","NOF008",706696,"NOF008","CH","F",30,"26.71","H","","",""
"NOF009","NOF009",376443,"NOF009","CH","F",26,"25.24","H","","",""
"NOF010","NOF010",528250,"NOF010","CH","F",40,"24.89","H","","",""
"NOF011","NOF011",644260,"NOF011","CH","F",30,"25.39","H","","",""
"NOF012","NOF012",579739,"NOF012","CH","F",38,"25.81","H","","",""
"NOF013","NOF013",436146,"NOF013","CH","F",41,"25.48","H","","",""
"NOF014","NOF014",709460,"NOF014","CH","F",42,"25.59","H","","",""
"NOM001","NOM001",539967,"NOM001","CH","M",48,"26.45","H","","",""
"NOM002","NOM002",378079,"NOM002","CH","M",68,"28.3","H","","",""
"NOM004","NOM004",237824,"NOM004","CH","M",32,"29.06","H","","",""
"NOM005","NOM005",550859,"NOM005","CH","M",46,"25.4","H","","",""
"NOM007","NOM007",724629,"NOM007","CH","M",72,"23.66","H","","",""
"NOM008","NOM008",402139,"NOM008","CH","M",54,"26.57","H","","",""
"NOM009","NOM009",574580,"NOM009","CH","M",33,"25.18","H","","",""
"NOM010","NOM010",516073,"NOM010","CH","M",30,"25.71","H","","",""
"NOM012","NOM012",683720,"NOM012","CH","M",32,"25.71","H","","",""
"NOM013","NOM013",670058,"NOM013","CH","M",42,"26.22","H","","",""
"NOM014","NOM014",329110,"NOM014","CH","M",41,"25.1","H","","",""
"NOM015","NOM015",493237,"NOM015","CH","M",32,"25.73","H","","",""
"NOM016","NOM016",572133,"NOM016","CH","M",37,"24.77","H","","",""
"NOM017","NOM017",545374,"NOM017","CH","M",39,"27.24","H","","",""
"NOM018","NOM018",497517,"NOM018","CH","M",43,"25","H","","",""
"NOM019","NOM019",757761,"NOM019","CH","M",26,"25.47","H","","",""
"NOM020","NOM020",467061,"NOM020","CH","M",24,"25.21","H","","",""
"NOM022","NOM022",427346,"NOM022","CH","M",23,"26.73","H","","",""
"NOM023","NOM023",321469,"NOM023","CH","M",46,"27.12","H","","",""
"NOM025","NOM025",381817,"NOM025","CH","M",28,"25.59","H","","",""
"NOM026","NOM026",522517,"NOM026","CH","M",52,"25.71","H","","",""
"NOM027","NOM027",290651,"NOM027","CH","M",38,"25.71","H","","",""
"NOM028","NOM028",387098,"NOM028","CH","M",47,"26.57","H","","",""
"NOM029","NOM029",430366,"NOM029","CH","M",14,"32.58","H","","",""
"SZEY.06A","SZEY.06A",461489,"CON-057","CH","F",41,"20.69","H","","",""
"SZEY.07A","SZEY.07A",697109,"CON-101","CH","M",42,"21.34","H","","",""
"SZEY.08A","SZEY.08A",507352,"CON-058","CH","F",47,"23.83","H","","",""
"SZEY.09A","SZEY.09A",518948,"CON-059","CH","F",49,"23.92","H","","",""
"SZEY.101A","SZEY.101A",658546,"SZEY 101A","CH","M",47,"26.61","H","","",""
"SZEY.103A","SZEY.103A",716116,"SZEY 103A","CH","M",50,"25.63","H","","",""
"SZEY.104A","SZEY.104A",411250,"SZEY 104A","CH","M",50,"23.07","H","","",""
"SZEY.106A","SZEY.106A",661518,"SZEY 106A","CH","M",60,"21.79","H","","",""
"SZEY.10A","SZEY.10A",234764,"CON-060","CH","F",44,"24.14","H","","",""
"SZEY.20A","SZEY.20A",405491,"CON-061","CH","F",48,"24.06","H","","",""
"SZEY.22A","SZEY.22A",355806,"CON-104","CH","M",55,"24.61","H","","",""
"SZEY.24A","SZEY.24A",393799,"CON-062","CH","F",47,"21.64","H","","",""
"SZEY.26A","SZEY.26A",422031,"CON-010","CH","F",42,"27.99","H","","",""
"SZEY.27A","SZEY.27A",583975,"CON-063","CH","F",35,"24.17","H","","",""
"SZEY.29A","SZEY.29A",438583,"CON-064","CH","F",46,"22.6","H","","",""
"SZEY.30A","SZEY.30A",448158,"CON-105","CH","M",52,"22.22","H","","",""
"SZEY.35A","SZEY.35A",345930,"CON-065","CH","F",46,"21.56","H","","",""
"SZEY.37A","SZEY.37A",673727,"CON-066","CH","F",45,"22.22","H","","",""
"SZEY.38A","SZEY.38A",525954,"CON-011","CH","F",49,"25.3","H","","",""
"SZEY.39A","SZEY.39A",410507,"CON-067","CH","F",45,"22.48","H","","",""
"SZEY.40A","SZEY.40A",535309,"CON-068","CH","F",41,"21.21","H","","",""
"SZEY.41A","SZEY.41A",430782,"CON-069","CH","F",46,"22.94","H","","",""
"SZEY.43A","SZEY.43A",334986,"CON-012","CH","F",44,"29.03","H","","",""
"SZEY.44A","SZEY.44A",555871,"CON-070","CH","F",48,"24.44","H","","",""
"SZEY.48A","SZEY.48A",399745,"CON-106","CH","M",46,"19.72","H","","",""
"SZEY.55A","SZEY.55A",513211,"CON-071","CH","F",64,"24.86","H","","",""
"SZEY.58A","SZEY.58A",684073,"CON-026","CH","M",40,"25.56","H","","",""
"SZEY.59A","SZEY.59A",555609,"CON-072","CH","F",41,"19.05","H","","",""
"SZEY.60A","SZEY.60A",599172,"CON-107","CH","M",44,"22.49","H","","",""
"SZEY.62A","SZEY.62A",891338,"CON-073","CH","F",46,"24.77","H","","",""
"SZEY.63A","SZEY.63A",322406,"CON-027","CH","M",45,"29.27","H","","",""
"SZEY.64A","SZEY.64A",260354,"CON-074","CH","F",41,"23.28","H","","",""
"SZEY.66A","SZEY.66A",601664,"CON-075","CH","F",34,"22.72","H","","",""
"SZEY.68A","SZEY.68A",529706,"CON-028","CH","M",53,"26.9","H","","",""
"SZEY.69A","SZEY.69A",348109,"CON-029","CH","M",54,"26.78","H","","",""
"SZEY.73A","SZEY.73A",311702,"CON-013","CH","F",48,"28.19","H","","",""
"SZEY.74A","SZEY.74A",735854,"CON-076","CH","F",43,"19.63","H","","",""
"SZEY.75A","SZEY.75A",506432,"CON-014","CH","F",39,"26.35","H","","",""
"SZEY.78A","SZEY.78A",389747,"CON-077","CH","F",41,"23.59","H","","",""
"SZEY.79A","SZEY.79A",578044,"CON-078","CH","F",41,"22.94","H","","",""
"SZEY.81A","SZEY.81A",417292,"CON-015","CH","F",42,"29.17","H","","",""
"SZEY.90A","SZEY.90A",384309,"SZEY 90A","CH","M",45,"25.21","H","","",""
"SZEY.93A","SZEY.93A",582300,"SZEY 93A","CH","M",49,"24.57","H","","",""
"SZEY.95A","SZEY.95A",121340,"SZEY 95A","CH","M",52,"24.88","H","","",""
"SZEY.97A","SZEY.97A",816696,"SZEY 97A","CH","M",46,"20.9","H","","",""
"SZEY.99A","SZEY.99A",494882,"SZEY 99A","CH","M",46,"22.76","H","","",""
"T2D.121A","T2D.121A",188808,"CON-079","CH","F",60,"22.81","H","","",""
"T2D.65A","T2D.65A",280669,"CON-080","CH","F",56,"22.04","H","","",""
"T2D.83A","T2D.83A",352908,"CON-031","CH","M",56,"27.64","H","","",""
